{
  "runtimeOptions": {
    "tfm": "net10.0",
    "framework": {
      "name": "Microsoft.NETCore.App",
      "version": "10.0.0"
    },
    "configProperties": {
      "EntryPointFilePath": "/home/admin-debian/smislovoi_converter/smislovoi_converter/Program.cs",
      "EntryPointFileDirectoryPath": "/home/admin-debian/smislovoi_converter/smislovoi_converter",
      "Microsoft.Extensions.DependencyInjection.VerifyOpenGenericServiceTrimmability": true,
      "System.ComponentModel.DefaultValueAttribute.IsSupported": false,
      "System.ComponentModel.Design.IDesignerHost.IsSupported": false,
      "System.ComponentModel.TypeConverter.EnableUnsafeBinaryFormatterInDesigntimeLicenseContextSerialization": false,
      "System.ComponentModel.TypeDescriptor.IsComObjectDescriptorSupported": false,
      "System.Data.DataSet.XmlSerializationIsSupported": false,
      "System.Diagnostics.Tracing.EventSource.IsSupported": false,
      "System.Linq.Enumerable.IsSizeOptimized": true,
      "System.Net.SocketsHttpHandler.Http3Support": false,
      "System.Reflection.Metadata.MetadataUpdater.IsSupported": false,
      "System.Resources.ResourceManager.AllowCustomResourceTypes": false,
      "System.Resources.UseSystemResourceKeys": false,
      "System.Runtime.CompilerServices.RuntimeFeature.IsDynamicCodeSupported": false,
      "System.Runtime.InteropServices.BuiltInComInterop.IsSupported": false,
      "System.Runtime.InteropServices.EnableConsumingManagedCodeFromNativeHosting": false,
      "System.Runtime.InteropServices.EnableCppCLIHostActivation": false,
      "System.Runtime.InteropServices.Marshalling.EnableGeneratedComInterfaceComImportInterop": false,
      "System.Runtime.Serialization.EnableUnsafeBinaryFormatterSerialization": false,
      "System.StartupHookProvider.IsSupported": false,
      "System.Text.Encoding.EnableUnsafeUTF7Encoding": false,
      "System.Text.Json.JsonSerializer.IsReflectionEnabledByDefault": false,
      "System.Threading.Thread.EnableAutoreleasePool": false,
      "System.Linq.Expressions.CanEmitObjectArrayDelegate": false
    }
  }
}